{
  "sdf": {
    "sd": [
      0.875,
      0.125,
      0.7815411518749995
    ],
    "gs": [
      0.125,
      0.34384705062499965,
      0.875
    ],
    "dg": [
      0.5626941012499997,
      0.875,
      0.125
    ],
    "fs": [
      0.125,
      0.875,
      0.7496117975000008
    ],
    "dsg": [
      0.875,
      0.5307647468750014,
      0.125
    ],
    "s": [
      0.31191769624999977,
      0.125,
      0.875
    ],
    "d": [
      0.1569293543749974,
      0.875,
      0.125
    ]
  }
}